<?xml version="1.0" encoding="utf-8"?>
<ArrayOfLivro xmlns:xsi="http://www.w3.org/2001/XMLSchema-instance" xmlns:xsd="http://www.w3.org/2001/XMLSchema">
  <Livro>
    <Id>1</Id>
    <Nome>O Papa Mingay</Nome>
    <AnoLanc>321</AnoLanc>
    <Paginas>6</Paginas>
    <Preco>2570.4</Preco>
    <Nota>8</Nota>
    <idautor>0</idautor>
    <idcateg>0</idcateg>
  </Livro>
  <Livro>
    <Id>2</Id>
    <Nome>O Pequeno Príncipe</Nome>
    <AnoLanc>1967</AnoLanc>
    <Paginas>715</Paginas>
    <Preco>1569</Preco>
    <Nota>18</Nota>
    <idautor>0</idautor>
    <idcateg>0</idcateg>
  </Livro>
  <Livro>
    <Id>3</Id>
    <Nome>Boate Azul</Nome>
    <AnoLanc>65</AnoLanc>
    <Paginas>1596</Paginas>
    <Preco>6519</Preco>
    <Nota>15</Nota>
    <idautor>0</idautor>
    <idcateg>0</idcateg>
  </Livro>
</ArrayOfLivro>