<?xml version="1.0" encoding="utf-8"?>
<ArrayOfUsuario xmlns:xsi="http://www.w3.org/2001/XMLSchema-instance" xmlns:xsd="http://www.w3.org/2001/XMLSchema">
  <Usuario>
    <Id>1</Id>
    <Nome>Julia</Nome>
    <Email>julinhadaquebrada@gostosa.com</Email>
    <Senha>igorlindoamoele</Senha>
    <LivrosFavoritos />
  </Usuario>
  <Usuario>
    <Id>2</Id>
    <Nome>Igor</Nome>
    <Email>igor</Email>
    <Senha>igor1234</Senha>
    <LivrosFavoritos />
  </Usuario>
  <Usuario>
    <Id>3</Id>
    <Nome>pedro</Nome>
    <Email>pedro1233</Email>
    <Senha>pedro1233</Senha>
    <LivrosFavoritos />
  </Usuario>
  <Usuario>
    <Id>4</Id>
    <Nome>apigasupgfh</Nome>
    <Email>paosufghoausdfh</Email>
    <Senha>apsdoufghpaousdgh</Senha>
  </Usuario>
</ArrayOfUsuario>